date,open,high,low,close,volume,barCount,average
2015-01-02,84.78,86.405,83.84,85.965,-1,-1,-1.0
2015-01-05,85.325,86.245,83.35,84.78,-1,-1,-1.0
2015-01-06,85.12,86.09,81.485,83.27,-1,-1,-1.0
2015-01-07,84.375,85.425,83.13,83.38,-1,-1,-1.0
2015-01-08,84.39,87.735,83.955,86.46,-1,-1,-1.0
2015-01-09,86.975,87.3,85.365,86.95,-1,-1,-1.0
2015-01-12,86.81,87.18,84.91,86.74,-1,-1,-1.0
2015-01-13,87.49,88.725,83.985,85.92,-1,-1,-1.0
2015-01-14,84.655,86.575,84.27,85.485,-1,-1,-1.0
2015-01-15,86.07,86.295,80.86,81.055,-1,-1,-1.0
2015-01-16,80.91,83.38,80.145,83.175,-1,-1,-1.0
2015-01-20,83.87,84.745,81.555,82.885,-1,-1,-1.0
2015-01-21,82.44,84.795,81.97,82.435,-1,-1,-1.0
2015-01-22,83.04,84.005,81.195,83.505,-1,-1,-1.0
2015-01-23,81.945,85.225,81.92,83.18,-1,-1,-1.0
2015-01-26,83.45,84.92,83.1,84.135,-1,-1,-1.0
2015-01-27,82.585,82.885,80.735,81.325,-1,-1,-1.0
2015-01-28,82.1,82.405,78.205,78.385,-1,-1,-1.0
2015-01-29,78.4,80.84,76.15,80.515,-1,-1,-1.0
2015-01-30,79.555,81.795,79.395,80.755,-1,-1,-1.0
2015-02-02,81.21,82.45,79.595,82.095,-1,-1,-1.0
2015-02-03,82.43,83.2,80.54,82.995,-1,-1,-1.0
2015-02-04,82.86,84.81,82.36,84.245,-1,-1,-1.0
2015-02-05,98.25,99.565,95.17,98.715,-1,-1,-1.0
2015-02-06,98.93,98.935,95.9,97.425,-1,-1,-1.0
2015-02-09,95.295,95.525,91.96,93.285,-1,-1,-1.0
2015-02-10,93.975,95.98,91.67,95.475,-1,-1,-1.0
2015-02-11,95.425,98.3,95.42,97.575,-1,-1,-1.0
2015-02-12,98.41,98.615,96.795,98.49,-1,-1,-1.0
2015-02-13,98.7,99.995,97.015,99.895,-1,-1,-1.0
2015-02-17,99.155,99.365,96.56,98.485,-1,-1,-1.0
2015-02-18,98.135,99.945,97.76,97.83,-1,-1,-1.0
2015-02-19,99.415,100.995,97.085,99.305,-1,-1,-1.0
2015-02-20,99.14,100.995,98.98,99.3,-1,-1,-1.0
2015-02-23,98.465,98.95,96.12,96.845,-1,-1,-1.0
2015-02-24,96.42,97.775,95.46,96.19,-1,-1,-1.0
2015-02-25,95.78,97.915,95.66,97.255,-1,-1,-1.0
2015-02-26,98.795,101.285,96.18,97.405,-1,-1,-1.0
2015-02-27,98.2,98.635,93.485,94.005,-1,-1,-1.0
2015-03-02,94.39,97.06,94.18,96.825,-1,-1,-1.0
2015-03-03,95.79,96.595,93.23,94.245,-1,-1,-1.0
2015-03-04,94.04,94.06,90.115,92.125,-1,-1,-1.0
2015-03-05,92.27,96.205,91.705,95.475,-1,-1,-1.0
2015-03-06,94.76,95.765,91.935,92.37,-1,-1,-1.0
2015-03-09,92.305,93.085,90.995,92.695,-1,-1,-1.0
2015-03-10,91.645,93.19,91.09,92.055,-1,-1,-1.0
2015-03-11,92.625,94.765,92.075,93.14,-1,-1,-1.0
2015-03-12,94.175,95.375,92.83,94.785,-1,-1,-1.0
2015-03-13,94.255,95.09,92.235,92.665,-1,-1,-1.0
2015-03-16,93.415,94.65,91.935,94.46,-1,-1,-1.0
2015-03-17,94.305,95.8,94.055,95.01,-1,-1,-1.0
2015-03-18,94.815,99.22,94.615,97.895,-1,-1,-1.0
2015-03-19,97.735,98.435,96.53,97.48,-1,-1,-1.0
2015-03-20,96.235,97.9,93.23,93.96,-1,-1,-1.0
2015-03-23,93.8,95.255,92.87,94.045,-1,-1,-1.0
2015-03-24,94.265,95.945,93.395,93.665,-1,-1,-1.0
2015-03-25,93.95,94.015,89.395,90.755,-1,-1,-1.0
2015-03-26,90.125,93.15,89.58,92.79,-1,-1,-1.0
2015-03-27,92.825,94.345,91.565,93.215,-1,-1,-1.0
2015-03-30,93.8,94.375,92.53,93.075,-1,-1,-1.0
2015-03-31,92.5,92.885,91.08,92.525,-1,-1,-1.0
2015-04-01,92.555,92.65,89.59,90.96,-1,-1,-1.0
2015-04-02,90.925,91.62,89.88,91.265,-1,-1,-1.0
2015-04-06,90.36,94.02,90.21,93.02,-1,-1,-1.0
2015-04-07,93.8,96.385,93.77,94.945,-1,-1,-1.0
2015-04-08,95.48,98.16,95.05,97.26,-1,-1,-1.0
2015-04-09,97.735,97.89,96.285,96.77,-1,-1,-1.0
2015-04-10,96.72,97.29,95.645,97.225,-1,-1,-1.0
2015-04-13,97.365,99.235,95.47,95.77,-1,-1,-1.0
2015-04-14,95.93,96.27,94.35,95.52,-1,-1,-1.0
2015-04-15,95.49,96.39,95.095,96.025,-1,-1,-1.0
2015-04-16,97.56,101.675,96.905,101.15,-1,-1,-1.0
2015-04-17,98.75,98.775,94.105,95.09,-1,-1,-1.0
2015-04-20,95.79,96.295,94.22,95.295,-1,-1,-1.0
2015-04-21,97.485,99.295,97.285,98.825,-1,-1,-1.0
2015-04-22,99.135,99.695,97.935,98.735,-1,-1,-1.0
2015-04-23,99.005,103.1,97.925,102.175,-1,-1,-1.0
2015-04-24,103.12,103.365,101.84,102.41,-1,-1,-1.0
2015-04-27,103.215,103.36,99.375,99.935,-1,-1,-1.0
2015-04-28,99.935,101.23,98.03,99.6,-1,-1,-1.0
2015-04-29,99.2,101.895,97.115,100.34,-1,-1,-1.0
2015-04-30,99.89,101.125,97.33,97.85,-1,-1,-1.0
2015-05-01,99.835,99.835,96.06,97.72,-1,-1,-1.0
2015-05-04,98.59,99.73,97.9,99.13,-1,-1,-1.0
2015-05-05,98.69,99.59,94.845,97.255,-1,-1,-1.0
2015-05-06,97.87,97.965,95.2,96.735,-1,-1,-1.0
2015-05-07,96.685,98.255,95.81,97.42,-1,-1,-1.0
2015-05-08,106.675,112.54,105.805,110.67,-1,-1,-1.0
2015-05-11,110.85,113.575,110.285,112.03,-1,-1,-1.0
2015-05-12,109.85,110.745,107.45,110.135,-1,-1,-1.0
2015-05-13,110.72,111.425,108.285,110.855,-1,-1,-1.0
2015-05-14,112.01,112.995,109.66,112.63,-1,-1,-1.0
2015-05-15,112.705,112.705,109.775,110.08,-1,-1,-1.0
2015-05-18,109.94,112.48,109.215,111.92,-1,-1,-1.0
2015-05-19,112.35,116.035,111.94,114.305,-1,-1,-1.0
2015-05-20,114.77,115.275,111.725,113.31,-1,-1,-1.0
2015-05-21,113.255,113.935,112.03,112.99,-1,-1,-1.0
2015-05-22,112.99,113.56,112.05,113.33,-1,-1,-1.0
2015-05-26,112.93,113.29,110.28,112.65,-1,-1,-1.0
2015-05-27,112.735,114.955,111.53,114.87,-1,-1,-1.0
2015-05-28,114.365,115.45,112.725,113.18,-1,-1,-1.0
2015-05-29,114.32,114.32,111.185,113.16,-1,-1,-1.0
2015-06-01,112.895,113.885,111.35,112.91,-1,-1,-1.0
2015-06-02,112.555,113.87,111.305,112.87,-1,-1,-1.0
2015-06-03,112.715,115.76,112.715,114.82,-1,-1,-1.0
2015-06-04,114.22,114.9,112.17,113.5,-1,-1,-1.0
2015-06-05,113.3,116.84,113.05,115.51,-1,-1,-1.0
2015-06-08,115.065,116.34,112.875,113.63,-1,-1,-1.0
2015-06-09,114.38,116.87,112.115,116.225,-1,-1,-1.0
2015-06-10,116.8,117.82,114.26,117.685,-1,-1,-1.0
2015-06-11,118.13,119.45,117.81,118.97,-1,-1,-1.0
2015-06-12,118.495,119.815,117.265,119.025,-1,-1,-1.0
2015-06-15,118.185,122.015,117.955,120.765,-1,-1,-1.0
2015-06-16,120.66,121.5,118.535,120.67,-1,-1,-1.0
2015-06-17,121.11,123.33,120.26,120.67,-1,-1,-1.0
2015-06-18,121.135,123.365,120.215,122.49,-1,-1,-1.0
2015-06-19,122.545,123.945,121.135,122.815,-1,-1,-1.0
2015-06-22,123.805,123.805,120.54,121.485,-1,-1,-1.0
2015-06-23,121.38,122.885,121.215,122.14,-1,-1,-1.0
2015-06-24,121.71,122.415,118.635,119.63,-1,-1,-1.0
2015-06-25,120.265,121.695,119.855,120.5,-1,-1,-1.0
2015-06-26,120.66,120.66,115.035,116.895,-1,-1,-1.0
2015-06-29,115.09,118.78,113.6,113.77,-1,-1,-1.0
2015-06-30,114.955,116.965,113.485,115.285,-1,-1,-1.0
2015-07-01,116.49,119.315,116.49,117.01,-1,-1,-1.0
2015-07-02,117.245,117.655,115.105,117.005,-1,-1,-1.0
2015-07-06,115.325,118.13,114.89,116.78,-1,-1,-1.0
2015-07-07,116.305,118.235,113.875,117.59,-1,-1,-1.0
2015-07-08,116.495,118.295,115.61,116.255,-1,-1,-1.0
2015-07-09,117.875,121.85,117.87,119.41,-1,-1,-1.0
2015-07-10,120.84,122.44,119.18,121.035,-1,-1,-1.0
2015-07-13,122.4,123.245,120.1,120.665,-1,-1,-1.0
2015-07-14,120.735,122.23,119.825,121.75,-1,-1,-1.0
2015-07-15,121.98,122.275,120.425,121.465,-1,-1,-1.0
2015-07-16,122.19,126.895,121.725,125.115,-1,-1,-1.0
2015-07-17,125.4,126.72,124.68,126.275,-1,-1,-1.0
2015-07-20,126.38,128.625,126.115,128.185,-1,-1,-1.0
2015-07-21,127.88,128.49,126.265,127.525,-1,-1,-1.0
2015-07-22,126.835,129.725,126.61,128.725,-1,-1,-1.0
2015-07-23,128.855,131.23,127.105,127.255,-1,-1,-1.0
2015-07-24,131.465,131.465,125.53,127.425,-1,-1,-1.0
2015-07-27,126.855,128.335,123.815,124.995,-1,-1,-1.0
2015-07-28,125.215,127.245,122.795,127.09,-1,-1,-1.0
2015-07-29,106.02,114.1,97.695,113.535,-1,-1,-1.0
2015-07-30,111.53,111.925,103.01,106.845,-1,-1,-1.0
2015-07-31,106.18,107.53,104.33,104.805,-1,-1,-1.0
2015-08-03,105.375,105.545,99.205,101.29,-1,-1,-1.0
2015-08-04,100.225,101.575,98.95,101.135,-1,-1,-1.0
2015-08-05,101.695,104.785,101.465,104.035,-1,-1,-1.0
2015-08-06,104.015,104.27,98.995,99.245,-1,-1,-1.0
2015-08-07,99.78,102.635,98.645,101.715,-1,-1,-1.0
2015-08-10,101.785,103.92,101.52,103.85,-1,-1,-1.0
2015-08-11,102.795,103.64,100.43,102.09,-1,-1,-1.0
2015-08-12,101.105,103.075,100.005,103.065,-1,-1,-1.0
2015-08-13,103.865,105.41,102.11,104.28,-1,-1,-1.0
2015-08-14,104.07,109.395,103.57,107.445,-1,-1,-1.0
2015-08-17,106.67,107.89,105.325,106.55,-1,-1,-1.0
2015-08-18,107.5,108.325,105.415,106.085,-1,-1,-1.0
2015-08-19,105.19,107.065,104.04,104.545,-1,-1,-1.0
2015-08-20,103.08,105.14,100.31,100.565,-1,-1,-1.0
2015-08-21,99.055,101.43,98.15,99.45,-1,-1,-1.0
2015-08-24,91.955,101.735,91.065,94.78,-1,-1,-1.0
2015-08-25,98.77,100.865,94.655,94.825,-1,-1,-1.0
2015-08-26,97.175,97.55,92.585,96.38,-1,-1,-1.0
2015-08-27,97.885,99.35,95.095,97.315,-1,-1,-1.0
2015-08-28,96.69,98.135,95.84,97.1,-1,-1,-1.0
2015-08-31,96.78,98.53,94.1,94.23,-1,-1,-1.0
2015-09-01,92.0,93.825,91.405,91.695,-1,-1,-1.0
2015-09-02,93.04,95.615,92.065,95.55,-1,-1,-1.0
2015-09-03,95.61,96.975,93.87,95.035,-1,-1,-1.0
2015-09-04,93.81,95.77,93.615,94.655,-1,-1,-1.0
2015-09-08,96.04,96.245,93.15,95.695,-1,-1,-1.0
2015-09-09,96.665,97.39,93.18,93.45,-1,-1,-1.0
2015-09-10,92.975,94.685,91.655,93.63,-1,-1,-1.0
2015-09-11,93.4,94.725,93.17,93.815,-1,-1,-1.0
2015-09-14,93.505,94.455,92.73,94.345,-1,-1,-1.0
2015-09-15,94.44,94.455,92.55,92.98,-1,-1,-1.0
2015-09-16,93.005,93.175,90.175,91.4,-1,-1,-1.0
2015-09-17,91.485,91.66,84.45,84.755,-1,-1,-1.0
2015-09-18,83.735,84.93,81.575,84.685,-1,-1,-1.0
2015-09-21,85.105,87.465,85.035,86.45,-1,-1,-1.0
2015-09-22,85.69,87.025,83.095,83.495,-1,-1,-1.0
2015-09-23,83.945,85.0,82.88,84.54,-1,-1,-1.0
2015-09-24,83.92,85.97,82.83,85.555,-1,-1,-1.0
2015-09-25,86.615,86.815,82.15,82.97,-1,-1,-1.0
2015-09-28,83.21,83.215,78.62,79.225,-1,-1,-1.0
2015-09-29,79.17,80.385,76.075,77.595,-1,-1,-1.0
2015-09-30,78.1,80.165,77.06,79.775,-1,-1,-1.0
2015-10-01,79.755,82.35,78.69,82.19,-1,-1,-1.0
2015-10-02,80.375,84.385,79.435,84.355,-1,-1,-1.0
2015-10-05,84.27,85.11,82.685,83.2,-1,-1,-1.0
2015-10-06,82.64,83.44,79.425,80.9,-1,-1,-1.0
2015-10-07,80.665,83.405,80.02,83.105,-1,-1,-1.0
2015-10-08,82.75,83.115,79.2,79.53,-1,-1,-1.0
2015-10-09,79.955,83.305,78.32,82.985,-1,-1,-1.0
2015-10-12,82.59,84.795,82.14,84.45,-1,-1,-1.0
2015-10-13,83.945,85.975,82.66,84.265,-1,-1,-1.0
2015-10-14,84.38,84.395,81.055,81.745,-1,-1,-1.0
2015-10-15,82.155,82.985,80.335,82.93,-1,-1,-1.0
2015-10-16,83.215,85.065,82.305,84.985,-1,-1,-1.0
2015-10-19,84.9,89.06,84.72,85.525,-1,-1,-1.0
2015-10-20,85.305,87.635,84.905,86.84,-1,-1,-1.0
2015-10-21,86.75,87.345,82.08,82.265,-1,-1,-1.0
2015-10-22,83.535,85.725,82.92,83.85,-1,-1,-1.0
2015-10-23,83.17,85.62,83.005,83.73,-1,-1,-1.0
2015-10-26,83.58,84.1,81.205,82.555,-1,-1,-1.0
2015-10-27,82.065,82.425,80.535,80.92,-1,-1,-1.0
2015-10-28,81.16,84.87,80.165,83.925,-1,-1,-1.0
2015-10-29,83.91,84.315,81.515,81.695,-1,-1,-1.0
2015-10-30,83.505,84.17,81.8,83.905,-1,-1,-1.0
2015-11-02,84.655,86.9,83.755,86.195,-1,-1,-1.0
2015-11-03,85.775,86.905,85.3,85.965,-1,-1,-1.0
2015-11-04,86.275,88.175,85.89,87.825,-1,-1,-1.0
2015-11-05,87.12,87.155,83.62,84.39,-1,-1,-1.0
2015-11-06,98.48,104.9,97.985,102.45,-1,-1,-1.0
2015-11-09,101.685,102.345,97.865,100.06,-1,-1,-1.0
2015-11-10,95.925,97.885,95.275,96.28,-1,-1,-1.0
2015-11-11,96.315,96.91,94.4,96.715,-1,-1,-1.0
2015-11-12,95.915,98.46,95.03,95.12,-1,-1,-1.0
2015-11-13,94.545,95.54,93.1,93.56,-1,-1,-1.0
2015-11-16,93.155,94.32,90.59,92.515,-1,-1,-1.0
2015-11-17,93.485,94.44,92.625,93.82,-1,-1,-1.0
2015-11-18,95.765,95.785,93.505,95.1,-1,-1,-1.0
2015-11-19,95.465,95.7,93.425,93.85,-1,-1,-1.0
2015-11-20,94.985,95.01,92.665,93.525,-1,-1,-1.0
2015-11-23,93.115,95.91,92.97,94.705,-1,-1,-1.0
2015-11-24,93.72,95.385,93.1,94.99,-1,-1,-1.0
2015-11-25,94.83,97.45,94.685,96.985,-1,-1,-1.0
2015-11-27,96.88,98.69,96.695,97.72,-1,-1,-1.0
2015-11-30,97.55,97.845,95.825,97.025,-1,-1,-1.0
2015-12-01,97.55,98.105,96.28,97.675,-1,-1,-1.0
2015-12-02,97.655,97.695,94.53,94.88,-1,-1,-1.0
2015-12-03,95.195,95.645,91.07,92.42,-1,-1,-1.0
2015-12-04,92.365,94.195,91.825,94.015,-1,-1,-1.0
2015-12-07,92.88,94.255,92.185,92.58,-1,-1,-1.0
2015-12-08,91.535,94.015,91.275,93.6,-1,-1,-1.0
2015-12-09,93.37,93.925,90.88,91.23,-1,-1,-1.0
2015-12-10,92.25,94.2,90.945,92.44,-1,-1,-1.0
2015-12-11,91.24,91.75,87.84,88.245,-1,-1,-1.0
2015-12-14,88.18,89.695,86.775,88.235,-1,-1,-1.0
2015-12-15,88.905,90.25,88.445,89.47,-1,-1,-1.0
2015-12-16,90.315,92.455,89.455,92.22,-1,-1,-1.0
2015-12-17,92.54,93.09,90.16,90.195,-1,-1,-1.0
2015-12-18,89.99,90.52,88.27,88.635,-1,-1,-1.0
2015-12-21,89.51,89.54,87.87,89.055,-1,-1,-1.0
2015-12-22,89.88,94.11,89.675,93.16,-1,-1,-1.0
2015-12-23,93.49,95.475,93.375,95.14,-1,-1,-1.0
2015-12-24,95.015,95.76,94.66,95.47,-1,-1,-1.0
2015-12-28,95.105,95.68,94.36,95.085,-1,-1,-1.0
2015-12-29,95.3,96.56,93.825,95.12,-1,-1,-1.0
2015-12-30,94.89,96.57,94.425,94.72,-1,-1,-1.0
2015-12-31,94.3,95.695,94.095,94.215,-1,-1,-1.0
2016-01-04,92.25,93.845,91.65,93.8,-1,-1,-1.0
2016-01-05,94.02,94.635,93.33,94.32,-1,-1,-1.0
2016-01-06,92.595,94.685,92.11,93.495,-1,-1,-1.0
2016-01-07,91.745,93.135,88.065,88.545,-1,-1,-1.0
2016-01-08,89.035,90.38,85.665,86.44,-1,-1,-1.0
2016-01-11,87.225,87.545,85.235,87.175,-1,-1,-1.0
2016-01-12,90.135,90.865,85.665,88.515,-1,-1,-1.0
2016-01-13,88.655,89.465,81.115,82.145,-1,-1,-1.0
2016-01-14,82.375,83.8,77.35,82.72,-1,-1,-1.0
2016-01-15,79.5,81.675,77.16,81.08,-1,-1,-1.0
2016-01-19,82.33,82.36,78.68,80.895,-1,-1,-1.0
2016-01-20,79.135,80.145,74.865,79.4,-1,-1,-1.0
2016-01-21,80.135,83.22,78.27,80.72,-1,-1,-1.0
2016-01-22,82.26,83.33,81.255,81.365,-1,-1,-1.0
2016-01-25,80.965,81.825,77.36,77.72,-1,-1,-1.0
2016-01-26,78.07,79.495,75.54,77.995,-1,-1,-1.0
2016-01-27,77.075,77.305,73.195,73.56,-1,-1,-1.0
2016-01-28,72.105,81.555,71.83,77.79,-1,-1,-1.0
2016-01-29,77.775,80.87,77.775,80.195,-1,-1,-1.0
2016-02-01,79.63,81.22,78.795,80.895,-1,-1,-1.0
2016-02-02,80.915,81.21,78.675,78.84,-1,-1,-1.0
2016-02-03,77.04,79.925,73.82,79.605,-1,-1,-1.0
2016-02-04,79.315,82.925,77.87,81.745,-1,-1,-1.0
2016-02-05,44.14,45.645,40.05,41.285,-1,-1,-1.0
2016-02-08,39.39,40.465,36.865,37.195,-1,-1,-1.0
2016-02-09,36.695,40.57,36.565,39.225,-1,-1,-1.0
2016-02-10,39.935,41.055,38.79,39.87,-1,-1,-1.0
2016-02-11,39.165,40.375,38.555,39.97,-1,-1,-1.0
2016-02-12,40.595,41.145,39.085,40.255,-1,-1,-1.0
2016-02-16,40.775,41.71,39.785,40.16,-1,-1,-1.0
2016-02-17,40.395,42.155,40.24,42.085,-1,-1,-1.0
2016-02-18,41.95,42.325,40.965,41.085,-1,-1,-1.0
2016-02-19,40.715,42.655,40.61,42.395,-1,-1,-1.0
2016-02-22,42.935,43.165,42.02,42.655,-1,-1,-1.0
2016-02-23,42.51,42.64,40.61,40.815,-1,-1,-1.0
2016-02-24,40.54,42.155,39.635,42.05,-1,-1,-1.0
2016-02-25,43.0,44.35,42.33,43.055,-1,-1,-1.0
2016-02-26,43.775,45.145,43.095,44.415,-1,-1,-1.0
2016-02-29,44.385,46.315,44.26,45.645,-1,-1,-1.0
2016-03-01,46.38,48.625,46.12,48.59,-1,-1,-1.0
2016-03-02,48.635,48.85,44.09,44.2,-1,-1,-1.0
2016-03-03,45.07,45.14,42.365,43.125,-1,-1,-1.0
2016-03-04,43.485,44.455,42.685,42.765,-1,-1,-1.0
2016-03-07,42.525,44.765,42.165,44.28,-1,-1,-1.0
2016-03-08,43.975,44.95,43.565,43.645,-1,-1,-1.0
2016-03-09,44.065,44.18,42.45,42.675,-1,-1,-1.0
2016-03-10,43.155,43.86,42.535,42.82,-1,-1,-1.0
2016-03-11,43.135,45.405,43.135,44.98,-1,-1,-1.0
2016-03-14,45.125,45.21,43.68,43.805,-1,-1,-1.0
2016-03-15,43.53,43.81,42.135,42.54,-1,-1,-1.0
2016-03-16,42.3,43.83,42.215,43.665,-1,-1,-1.0
2016-03-17,43.69,43.83,42.835,43.23,-1,-1,-1.0
2016-03-18,43.365,44.265,43.055,44.05,-1,-1,-1.0
2016-03-21,44.135,44.41,43.445,43.615,-1,-1,-1.0
2016-03-22,43.395,44.07,43.09,43.855,-1,-1,-1.0
2016-03-23,43.865,43.97,42.09,42.175,-1,-1,-1.0
2016-03-24,41.945,43.115,41.325,42.895,-1,-1,-1.0
2016-03-28,43.885,44.79,43.605,43.925,-1,-1,-1.0
2016-03-29,43.835,45.715,43.445,45.655,-1,-1,-1.0
2016-03-30,45.97,46.38,44.75,45.37,-1,-1,-1.0
2016-03-31,45.225,46.025,44.28,45.865,-1,-1,-1.0
2016-04-01,45.37,45.995,44.75,45.875,-1,-1,-1.0
2016-04-04,45.855,47.43,45.42,46.805,-1,-1,-1.0
2016-04-05,46.26,47.02,45.28,45.285,-1,-1,-1.0
2016-04-06,45.325,46.21,44.235,45.89,-1,-1,-1.0
2016-04-07,45.785,46.21,44.84,45.455,-1,-1,-1.0
2016-04-08,46.005,46.07,44.81,45.605,-1,-1,-1.0
2016-04-11,45.785,46.105,44.745,44.825,-1,-1,-1.0
2016-04-12,44.885,45.005,43.84,44.01,-1,-1,-1.0
2016-04-13,44.34,47.995,44.175,47.875,-1,-1,-1.0
2016-04-14,47.73,48.745,47.73,48.145,-1,-1,-1.0
2016-04-15,47.89,48.375,47.475,48.155,-1,-1,-1.0
2016-04-18,47.84,49.175,47.73,48.825,-1,-1,-1.0
2016-04-19,49.01,49.17,46.525,47.015,-1,-1,-1.0
2016-04-20,47.105,48.29,46.815,47.785,-1,-1,-1.0
2016-04-21,48.75,50.36,48.74,49.59,-1,-1,-1.0
2016-04-22,49.51,50.245,48.61,49.855,-1,-1,-1.0
2016-04-25,49.64,50.835,49.54,49.845,-1,-1,-1.0
2016-04-26,49.85,50.485,49.365,49.505,-1,-1,-1.0
2016-04-27,49.625,50.5,49.375,49.635,-1,-1,-1.0
2016-04-28,49.515,50.195,49.025,49.385,-1,-1,-1.0
2016-04-29,49.785,51.77,49.52,51.73,-1,-1,-1.0
2016-05-02,52.05,53.76,51.47,52.165,-1,-1,-1.0
2016-05-03,52.165,52.165,50.285,50.735,-1,-1,-1.0
2016-05-04,50.915,50.915,49.59,49.965,-1,-1,-1.0
2016-05-05,50.13,51.075,49.37,50.995,-1,-1,-1.0
2016-05-06,47.735,47.88,44.04,45.205,-1,-1,-1.0
2016-05-09,45.18,47.165,45.05,46.385,-1,-1,-1.0
2016-05-10,46.23,47.87,45.85,47.855,-1,-1,-1.0
2016-05-11,47.695,49.66,47.695,49.255,-1,-1,-1.0
2016-05-12,49.44,50.025,47.51,48.075,-1,-1,-1.0
2016-05-13,47.865,48.605,47.495,48.355,-1,-1,-1.0
2016-05-16,48.565,49.095,47.6,48.43,-1,-1,-1.0
2016-05-17,48.19,48.885,47.21,47.35,-1,-1,-1.0
2016-05-18,47.37,48.635,47.23,48.465,-1,-1,-1.0
2016-05-19,48.235,49.275,47.53,48.005,-1,-1,-1.0
2016-05-20,48.15,49.585,47.97,49.265,-1,-1,-1.0
2016-05-23,48.935,49.725,48.52,48.96,-1,-1,-1.0
2016-05-24,48.67,49.32,48.26,48.895,-1,-1,-1.0
2016-05-25,49.05,49.865,48.995,49.34,-1,-1,-1.0
2016-05-26,49.415,49.785,48.925,49.41,-1,-1,-1.0
2016-05-27,49.445,50.425,48.83,50.205,-1,-1,-1.0
2016-05-31,50.285,52.305,50.205,51.475,-1,-1,-1.0
2016-06-01,51.145,54.415,51.025,54.305,-1,-1,-1.0
2016-06-02,54.02,56.265,53.585,56.17,-1,-1,-1.0
2016-06-03,55.815,55.915,54.44,54.855,-1,-1,-1.0
2016-06-06,55.22,55.87,54.295,55.71,-1,-1,-1.0
2016-06-07,55.36,55.805,54.43,55.35,-1,-1,-1.0
2016-06-08,55.5,56.285,55.275,56.19,-1,-1,-1.0
2016-06-09,55.84,56.185,55.255,55.485,-1,-1,-1.0
2016-06-10,54.815,54.845,53.745,53.92,-1,-1,-1.0
2016-06-13,54.08,55.66,53.665,54.375,-1,-1,-1.0
2016-06-14,54.135,54.72,53.355,53.85,-1,-1,-1.0
2016-06-15,54.14,55.405,53.87,54.65,-1,-1,-1.0
2016-06-16,54.385,54.675,53.36,54.43,-1,-1,-1.0
2016-06-17,54.42,54.52,53.52,54.145,-1,-1,-1.0
2016-06-20,54.755,55.665,54.415,54.67,-1,-1,-1.0
2016-06-21,54.615,55.46,54.535,54.93,-1,-1,-1.0
2016-06-22,54.895,54.96,53.755,54.315,-1,-1,-1.0
2016-06-23,54.77,55.865,54.26,55.755,-1,-1,-1.0
2016-06-24,53.44,53.89,50.31,50.625,-1,-1,-1.0
2016-06-27,50.31,50.435,46.75,47.165,-1,-1,-1.0
2016-06-28,47.895,48.6,47.495,48.13,-1,-1,-1.0
2016-06-29,48.725,49.695,47.96,49.265,-1,-1,-1.0
2016-06-30,49.265,49.49,48.28,48.925,-1,-1,-1.0
2016-07-01,49.165,49.665,48.53,48.95,-1,-1,-1.0
2016-07-05,48.615,49.28,47.89,49.125,-1,-1,-1.0
2016-07-06,48.8,49.775,48.23,49.305,-1,-1,-1.0
2016-07-07,49.56,50.15,49.33,49.555,-1,-1,-1.0
2016-07-08,50.055,51.065,49.93,50.465,-1,-1,-1.0
2016-07-11,51.205,51.63,50.325,50.435,-1,-1,-1.0
2016-07-12,50.655,53.695,50.5,53.12,-1,-1,-1.0
2016-07-13,53.565,53.81,52.355,52.46,-1,-1,-1.0
2016-07-14,53.54,53.675,52.925,53.275,-1,-1,-1.0
2016-07-15,53.395,53.575,52.605,53.185,-1,-1,-1.0
2016-07-18,53.145,53.82,52.975,53.64,-1,-1,-1.0
2016-07-19,53.155,54.325,53.155,53.615,-1,-1,-1.0
2016-07-20,54.89,57.8,54.65,57.005,-1,-1,-1.0
2016-07-21,57.18,57.18,54.805,54.96,-1,-1,-1.0
2016-07-22,55.345,57.28,54.85,57.07,-1,-1,-1.0
2016-07-25,54.975,55.955,54.12,55.67,-1,-1,-1.0
2016-07-26,55.675,56.245,55.52,56.145,-1,-1,-1.0
2016-07-27,56.46,57.01,55.62,56.085,-1,-1,-1.0
2016-07-28,57.23,57.23,56.155,56.96,-1,-1,-1.0
2016-07-29,56.895,56.9,55.23,56.505,-1,-1,-1.0
2016-08-01,56.265,57.115,55.67,56.475,-1,-1,-1.0
2016-08-02,56.08,57.125,55.645,56.41,-1,-1,-1.0
2016-08-03,52.8,53.52,50.275,53.195,-1,-1,-1.0
2016-08-04,53.255,53.985,52.725,52.725,-1,-1,-1.0
2016-08-05,53.07,53.745,52.805,53.7,-1,-1,-1.0
2016-08-08,54.4,54.4,53.115,53.175,-1,-1,-1.0
2016-08-09,53.305,53.365,51.87,52.945,-1,-1,-1.0
2016-08-10,52.97,53.15,52.04,52.835,-1,-1,-1.0
2016-08-11,52.925,53.995,52.73,53.735,-1,-1,-1.0
2016-08-12,53.58,53.845,53.2,53.84,-1,-1,-1.0
2016-08-15,54.095,54.895,53.79,54.62,-1,-1,-1.0
2016-08-16,55.4,55.52,54.085,54.245,-1,-1,-1.0
2016-08-17,54.175,54.68,53.665,53.845,-1,-1,-1.0
2016-08-18,53.825,54.65,53.705,54.455,-1,-1,-1.0
2016-08-19,53.97,55.32,53.79,55.24,-1,-1,-1.0
2016-08-22,54.965,55.205,54.55,54.875,-1,-1,-1.0
2016-08-23,59.175,62.535,58.805,62.205,-1,-1,-1.0
2016-08-24,62.12,62.125,60.175,60.485,-1,-1,-1.0
2016-08-25,58.815,60.225,58.815,59.785,-1,-1,-1.0
2016-08-26,60.44,60.44,58.385,59.26,-1,-1,-1.0
2016-08-29,59.3,59.805,58.59,59.335,-1,-1,-1.0
2016-08-30,59.365,59.875,58.575,58.92,-1,-1,-1.0
2016-08-31,58.57,58.775,57.77,58.02,-1,-1,-1.0
2016-09-01,56.74,58.385,56.64,58.03,-1,-1,-1.0
2016-09-02,58.205,58.735,57.89,58.455,-1,-1,-1.0
2016-09-06,58.5,59.7,58.485,58.695,-1,-1,-1.0
2016-09-07,58.455,59.535,58.22,58.335,-1,-1,-1.0
2016-09-08,58.275,58.57,57.31,57.415,-1,-1,-1.0
2016-09-09,56.97,57.99,56.405,57.53,-1,-1,-1.0
2016-09-12,57.16,57.445,56.23,57.07,-1,-1,-1.0
2016-09-13,56.535,57.39,55.095,55.485,-1,-1,-1.0
2016-09-14,55.635,56.355,54.895,55.39,-1,-1,-1.0
2016-09-15,55.225,55.64,54.645,55.17,-1,-1,-1.0
2016-09-16,55.25,55.31,54.37,54.85,-1,-1,-1.0
2016-09-19,55.145,55.44,54.08,54.165,-1,-1,-1.0
2016-09-20,54.375,54.575,53.155,53.29,-1,-1,-1.0
2016-09-21,53.57,53.875,52.925,53.795,-1,-1,-1.0
2016-09-22,54.155,54.695,53.56,54.47,-1,-1,-1.0
2016-09-23,54.64,54.945,53.98,54.405,-1,-1,-1.0
2016-09-26,54.03,54.355,53.565,53.955,-1,-1,-1.0
2016-09-27,53.92,55.04,53.875,54.8,-1,-1,-1.0
2016-09-28,54.86,55.935,54.75,55.88,-1,-1,-1.0
2016-09-29,55.86,56.0,54.56,54.735,-1,-1,-1.0
2016-09-30,55.025,55.535,54.06,55.26,-1,-1,-1.0
2016-10-03,55.15,56.225,55.15,56.055,-1,-1,-1.0
2016-10-04,56.06,56.195,55.54,55.705,-1,-1,-1.0
2016-10-05,55.065,55.645,53.705,53.755,-1,-1,-1.0
2016-10-06,53.62,53.745,51.425,51.625,-1,-1,-1.0
2016-10-07,51.69,51.69,50.2,50.405,-1,-1,-1.0
2016-10-10,50.9,51.77,50.42,50.785,-1,-1,-1.0
2016-10-11,51.535,51.595,49.76,49.945,-1,-1,-1.0
2016-10-12,49.99,50.12,49.085,49.34,-1,-1,-1.0
2016-10-13,47.7,49.07,47.475,48.945,-1,-1,-1.0
2016-10-14,49.13,50.05,47.995,48.025,-1,-1,-1.0
2016-10-17,48.165,48.19,47.14,47.195,-1,-1,-1.0
2016-10-18,47.69,48.07,47.095,47.225,-1,-1,-1.0
2016-10-19,50.155,53.03,48.69,48.895,-1,-1,-1.0
2016-10-20,48.575,49.545,47.82,49.015,-1,-1,-1.0
2016-10-21,48.055,48.385,47.245,48.23,-1,-1,-1.0
2016-10-24,48.365,49.09,48.085,48.895,-1,-1,-1.0
2016-10-25,48.75,48.835,47.74,47.875,-1,-1,-1.0
2016-10-26,47.885,48.565,47.67,48.12,-1,-1,-1.0
2016-10-27,48.465,49.11,47.415,47.635,-1,-1,-1.0
2016-10-28,47.165,48.18,46.97,47.795,-1,-1,-1.0
2016-10-31,47.79,48.24,47.35,48.055,-1,-1,-1.0
2016-11-01,48.46,49.645,48.045,49.525,-1,-1,-1.0
2016-11-02,44.17,45.615,42.825,43.505,-1,-1,-1.0
2016-11-03,43.175,44.145,42.705,43.585,-1,-1,-1.0
2016-11-04,43.775,45.545,43.72,44.685,-1,-1,-1.0
2016-11-07,45.625,46.445,45.13,45.645,-1,-1,-1.0
2016-11-08,45.455,46.47,45.085,46.185,-1,-1,-1.0
2016-11-09,44.605,47.72,44.605,46.995,-1,-1,-1.0
2016-11-10,47.355,48.65,46.28,47.315,-1,-1,-1.0
2016-11-11,47.095,47.62,46.21,47.335,-1,-1,-1.0
2016-11-14,47.75,47.895,45.735,45.99,-1,-1,-1.0
2016-11-15,46.22,46.97,45.62,46.555,-1,-1,-1.0
2016-11-16,46.36,46.7,45.745,45.95,-1,-1,-1.0
2016-11-17,45.79,47.695,45.465,47.205,-1,-1,-1.0
2016-11-18,47.745,47.785,46.055,46.445,-1,-1,-1.0
2016-11-21,46.3,47.295,46.3,47.255,-1,-1,-1.0
2016-11-22,46.805,47.67,46.665,47.435,-1,-1,-1.0
2016-11-23,46.855,47.27,46.66,46.855,-1,-1,-1.0
2016-11-25,46.945,47.215,46.195,47.055,-1,-1,-1.0
2016-11-28,46.915,47.42,45.525,45.705,-1,-1,-1.0
2016-11-29,45.865,45.99,45.115,45.395,-1,-1,-1.0
2016-11-30,45.665,45.91,44.62,44.865,-1,-1,-1.0
2016-12-01,44.945,45.435,43.265,44.2,-1,-1,-1.0
2016-12-02,42.33,44.565,42.325,44.335,-1,-1,-1.0
2016-12-05,44.625,45.935,44.425,45.425,-1,-1,-1.0
2016-12-06,45.45,45.78,44.975,45.355,-1,-1,-1.0
2016-12-07,45.17,46.075,44.765,45.585,-1,-1,-1.0
2016-12-08,45.7,46.06,45.26,45.64,-1,-1,-1.0
2016-12-09,45.92,46.905,45.53,45.955,-1,-1,-1.0
2016-12-12,45.815,45.95,44.125,44.845,-1,-1,-1.0
2016-12-13,44.885,46.065,44.69,45.005,-1,-1,-1.0
2016-12-14,45.01,45.01,43.805,44.0,-1,-1,-1.0
2016-12-15,44.02,44.865,43.675,44.21,-1,-1,-1.0
2016-12-16,44.25,44.775,43.79,44.03,-1,-1,-1.0
2016-12-19,43.875,44.22,42.965,43.07,-1,-1,-1.0
2016-12-20,43.215,43.72,42.45,42.665,-1,-1,-1.0
2016-12-21,42.715,42.87,41.815,42.325,-1,-1,-1.0
2016-12-22,42.295,42.525,41.56,41.69,-1,-1,-1.0
2016-12-23,41.595,42.17,41.55,42.115,-1,-1,-1.0
2016-12-27,42.245,43.145,42.11,42.715,-1,-1,-1.0
2016-12-28,42.925,42.945,41.62,41.825,-1,-1,-1.0
2016-12-29,41.785,42.0,41.42,41.67,-1,-1,-1.0
2016-12-30,41.75,42.33,41.625,42.165,-1,-1,-1.0
2017-01-03,41.705,44.11,41.685,43.325,-1,-1,-1.0
2017-01-04,43.315,45.27,43.305,45.075,-1,-1,-1.0
2017-01-05,44.25,45.295,44.195,44.825,-1,-1,-1.0
2017-01-06,44.86,45.27,44.765,44.975,-1,-1,-1.0
2017-01-09,44.89,45.455,44.705,45.255,-1,-1,-1.0
2017-01-10,45.235,45.48,44.52,45.195,-1,-1,-1.0
2017-01-11,44.745,45.58,44.63,45.21,-1,-1,-1.0
2017-01-12,45.035,45.105,43.835,44.765,-1,-1,-1.0
2017-01-13,44.955,45.255,44.75,45.055,-1,-1,-1.0
2017-01-17,44.91,44.95,44.025,44.24,-1,-1,-1.0
2017-01-18,44.31,44.58,44.07,44.49,-1,-1,-1.0
2017-01-19,44.505,44.965,44.18,44.825,-1,-1,-1.0
2017-01-20,44.995,45.02,44.47,44.905,-1,-1,-1.0
2017-01-23,44.4,44.875,44.125,44.715,-1,-1,-1.0
2017-01-24,46.42,46.62,45.26,46.445,-1,-1,-1.0
2017-01-25,47.07,48.32,47.07,47.845,-1,-1,-1.0
2017-01-26,48.255,48.78,47.835,48.225,-1,-1,-1.0
2017-01-27,48.24,48.585,47.77,48.135,-1,-1,-1.0
2017-01-30,47.895,47.915,46.775,47.715,-1,-1,-1.0
2017-01-31,47.39,47.855,47.105,47.85,-1,-1,-1.0
2017-02-01,48.0,48.58,47.545,48.48,-1,-1,-1.0
2017-02-02,48.125,49.4,47.775,48.22,-1,-1,-1.0
2017-02-03,55.1,57.27,54.755,55.17,-1,-1,-1.0
2017-02-06,55.03,56.065,54.01,54.11,-1,-1,-1.0
2017-02-07,54.225,54.43,52.705,53.575,-1,-1,-1.0
2017-02-08,53.64,54.8,53.615,53.935,-1,-1,-1.0
2017-02-09,54.015,54.475,53.72,54.005,-1,-1,-1.0
2017-02-10,53.895,54.215,53.655,53.77,-1,-1,-1.0
2017-02-13,54.215,54.365,53.51,53.82,-1,-1,-1.0
2017-02-14,53.79,54.075,53.33,54.075,-1,-1,-1.0
2017-02-15,53.985,55.195,53.825,55.015,-1,-1,-1.0
2017-02-16,54.985,55.65,53.785,54.055,-1,-1,-1.0
2017-02-17,53.815,54.675,53.335,54.62,-1,-1,-1.0
2017-02-21,54.375,55.155,54.145,55.125,-1,-1,-1.0
2017-02-22,54.965,55.065,53.955,54.04,-1,-1,-1.0
2017-02-23,54.27,54.315,53.245,53.355,-1,-1,-1.0
2017-02-24,52.815,53.325,52.37,53.23,-1,-1,-1.0
2017-02-27,52.95,53.665,52.61,53.575,-1,-1,-1.0
2017-02-28,52.445,53.345,52.095,52.745,-1,-1,-1.0
2017-03-01,53.055,53.425,52.06,53.285,-1,-1,-1.0
2017-03-02,53.1,53.33,51.985,51.995,-1,-1,-1.0
2017-03-03,51.985,52.205,51.595,52.15,-1,-1,-1.0
2017-03-06,51.49,51.66,50.73,51.03,-1,-1,-1.0
2017-03-07,50.93,51.385,49.455,50.155,-1,-1,-1.0
2017-03-08,50.825,50.825,49.76,49.84,-1,-1,-1.0
2017-03-09,49.79,50.12,49.165,49.445,-1,-1,-1.0
2017-03-10,49.765,50.045,48.25,48.825,-1,-1,-1.0
2017-03-13,48.92,49.065,48.46,48.945,-1,-1,-1.0
2017-03-14,48.8,49.165,48.19,49.1,-1,-1,-1.0
2017-03-15,49.1,49.635,48.735,49.425,-1,-1,-1.0
2017-03-16,49.67,49.875,49.415,49.46,-1,-1,-1.0
2017-03-17,49.985,49.995,48.995,49.125,-1,-1,-1.0
2017-03-20,49.71,49.71,48.86,48.995,-1,-1,-1.0
2017-03-21,49.005,49.165,47.495,47.595,-1,-1,-1.0
2017-03-22,47.565,48.185,47.29,48.115,-1,-1,-1.0
2017-03-23,49.005,49.005,47.535,47.83,-1,-1,-1.0
2017-03-24,47.885,48.685,47.62,48.425,-1,-1,-1.0
2017-03-27,47.895,48.42,47.58,48.175,-1,-1,-1.0
2017-03-28,47.33,48.515,47.33,48.26,-1,-1,-1.0
2017-03-29,48.18,48.885,48.14,48.82,-1,-1,-1.0
2017-03-30,48.745,49.235,48.67,48.925,-1,-1,-1.0
2017-03-31,49.25,50.505,49.225,49.545,-1,-1,-1.0
2017-04-03,49.59,50.27,49.405,49.715,-1,-1,-1.0
2017-04-04,49.445,50.46,49.445,49.99,-1,-1,-1.0
2017-04-05,50.15,50.765,49.8,49.855,-1,-1,-1.0
2017-04-06,50.13,50.86,49.24,50.845,-1,-1,-1.0
2017-04-07,50.75,50.96,50.375,50.65,-1,-1,-1.0
2017-04-10,51.09,51.09,50.395,50.47,-1,-1,-1.0
2017-04-11,50.405,50.995,50.29,50.985,-1,-1,-1.0
2017-04-12,50.73,51.32,50.69,50.855,-1,-1,-1.0
2017-04-13,50.78,51.225,50.48,50.59,-1,-1,-1.0
2017-04-17,50.705,51.155,50.68,51.065,-1,-1,-1.0
2017-04-18,51.295,52.595,50.925,52.525,-1,-1,-1.0
2017-04-19,52.76,53.415,52.595,53.26,-1,-1,-1.0
2017-04-20,53.51,54.025,52.835,54.005,-1,-1,-1.0
2017-04-21,54.6,55.365,53.755,54.08,-1,-1,-1.0
2017-04-24,54.505,54.585,53.015,53.985,-1,-1,-1.0
2017-04-25,54.145,54.41,53.62,53.645,-1,-1,-1.0
2017-04-26,53.455,53.83,53.03,53.64,-1,-1,-1.0
2017-04-27,53.36,54.13,53.34,53.485,-1,-1,-1.0
2017-04-28,53.505,53.885,53.22,53.685,-1,-1,-1.0
2017-05-01,53.6,54.24,53.45,54.105,-1,-1,-1.0
2017-05-02,54.0,54.845,53.665,54.795,-1,-1,-1.0
2017-05-03,54.865,55.115,54.205,54.685,-1,-1,-1.0
2017-05-04,61.91,63.335,57.655,58.045,-1,-1,-1.0
2017-05-05,58.125,60.74,58.01,60.435,-1,-1,-1.0
2017-05-08,59.53,60.54,59.34,60.075,-1,-1,-1.0
2017-05-09,60.215,61.195,59.83,60.06,-1,-1,-1.0
2017-05-10,59.875,60.75,59.455,60.49,-1,-1,-1.0
2017-05-11,60.085,60.995,60.01,60.315,-1,-1,-1.0
2017-05-12,60.44,60.975,60.05,60.725,-1,-1,-1.0
2017-05-15,60.99,62.41,60.76,61.905,-1,-1,-1.0
2017-05-16,62.08,62.77,61.355,61.975,-1,-1,-1.0
2017-05-17,60.785,61.335,60.18,60.255,-1,-1,-1.0
2017-05-18,59.94,60.895,59.615,59.68,-1,-1,-1.0
2017-05-19,60.43,60.875,59.485,60.345,-1,-1,-1.0
2017-05-22,60.35,60.89,59.525,60.465,-1,-1,-1.0
2017-05-23,60.59,60.64,59.795,60.205,-1,-1,-1.0
2017-05-24,61.12,62.035,60.87,61.965,-1,-1,-1.0
2017-05-25,61.93,66.835,61.835,64.155,-1,-1,-1.0
2017-05-26,64.205,64.88,63.05,63.605,-1,-1,-1.0
2017-05-30,63.4,63.645,62.005,62.545,-1,-1,-1.0
2017-05-31,62.845,62.955,61.705,62.005,-1,-1,-1.0
2017-06-01,62.0,62.625,61.45,62.42,-1,-1,-1.0
2017-06-02,62.325,62.98,62.06,62.695,-1,-1,-1.0
2017-06-05,62.595,63.365,62.315,62.355,-1,-1,-1.0
2017-06-06,62.025,62.96,61.82,61.965,-1,-1,-1.0
2017-06-07,62.135,62.73,61.265,61.915,-1,-1,-1.0
2017-06-08,62.045,63.26,61.585,63.185,-1,-1,-1.0
2017-06-09,63.465,64.56,58.925,60.295,-1,-1,-1.0
2017-06-12,58.86,60.385,57.295,60.225,-1,-1,-1.0
2017-06-13,63.13,63.59,61.08,62.18,-1,-1,-1.0
2017-06-14,62.375,62.9,61.155,62.13,-1,-1,-1.0
2017-06-15,61.075,62.16,60.87,61.81,-1,-1,-1.0
2017-06-16,61.56,62.25,61.28,62.055,-1,-1,-1.0
2017-06-19,62.56,64.115,62.54,63.775,-1,-1,-1.0
2017-06-20,63.77,63.99,62.65,62.885,-1,-1,-1.0
2017-06-21,63.47,65.51,63.3,64.92,-1,-1,-1.0
2017-06-22,65.055,66.08,64.845,65.715,-1,-1,-1.0
2017-06-23,65.785,66.515,65.555,66.505,-1,-1,-1.0
2017-06-26,66.945,67.15,65.785,66.035,-1,-1,-1.0
2017-06-27,65.87,66.49,64.455,64.475,-1,-1,-1.0
2017-06-28,64.775,65.015,63.705,64.125,-1,-1,-1.0
2017-06-29,63.91,64.04,61.205,61.75,-1,-1,-1.0
2017-06-30,61.64,62.455,61.085,61.265,-1,-1,-1.0
2017-07-03,61.635,61.77,60.425,61.12,-1,-1,-1.0
2017-07-05,61.41,62.06,61.145,61.955,-1,-1,-1.0
2017-07-06,61.515,62.06,60.945,61.265,-1,-1,-1.0
2017-07-07,61.585,62.555,61.385,62.55,-1,-1,-1.0
2017-07-10,62.77,63.07,62.07,62.255,-1,-1,-1.0
2017-07-11,62.15,63.11,62.02,62.935,-1,-1,-1.0
2017-07-12,63.565,64.77,63.13,64.485,-1,-1,-1.0
2017-07-13,64.68,64.68,63.315,63.635,-1,-1,-1.0
2017-07-14,63.96,63.96,62.22,62.885,-1,-1,-1.0
2017-07-17,64.47,64.63,63.645,64.04,-1,-1,-1.0
2017-07-18,63.945,64.095,63.38,63.73,-1,-1,-1.0
2017-07-19,64.07,64.52,63.835,64.455,-1,-1,-1.0
2017-07-20,64.955,64.965,64.0,64.435,-1,-1,-1.0
2017-07-21,64.18,64.455,63.58,63.795,-1,-1,-1.0
2017-07-24,63.78,64.495,63.435,64.455,-1,-1,-1.0
2017-07-25,64.435,65.445,64.015,64.935,-1,-1,-1.0
2017-07-26,65.2,65.445,64.675,64.985,-1,-1,-1.0
2017-07-27,65.795,66.075,63.67,64.88,-1,-1,-1.0
2017-07-28,64.44,65.115,63.98,64.83,-1,-1,-1.0
2017-07-31,65.385,65.44,63.835,64.455,-1,-1,-1.0
2017-08-01,64.755,65.65,64.43,65.45,-1,-1,-1.0
2017-08-02,66.27,66.27,63.415,64.135,-1,-1,-1.0
2017-08-03,69.51,69.865,66.825,69.785,-1,-1,-1.0
2017-08-04,69.505,71.475,69.505,71.3,-1,-1,-1.0
2017-08-07,70.965,71.38,70.065,70.615,-1,-1,-1.0
2017-08-08,70.05,70.67,69.53,69.945,-1,-1,-1.0
2017-08-09,69.975,70.3,68.61,69.855,-1,-1,-1.0
2017-08-10,70.68,70.68,67.425,67.995,-1,-1,-1.0
2017-08-11,67.98,68.975,67.39,68.685,-1,-1,-1.0
2017-08-14,70.405,70.435,69.125,70.355,-1,-1,-1.0
2017-08-15,70.275,70.555,69.365,70.305,-1,-1,-1.0
2017-08-16,70.365,71.48,70.16,70.83,-1,-1,-1.0
2017-08-17,70.31,70.645,69.265,69.315,-1,-1,-1.0
2017-08-18,69.345,69.805,68.775,69.745,-1,-1,-1.0
2017-08-21,69.345,70.595,69.345,70.265,-1,-1,-1.0
2017-08-22,70.4,71.855,70.285,71.67,-1,-1,-1.0
2017-08-23,71.235,71.985,70.92,71.545,-1,-1,-1.0
2017-08-24,71.565,72.145,71.34,72.015,-1,-1,-1.0
2017-08-25,71.355,73.395,71.355,71.815,-1,-1,-1.0
2017-08-28,71.935,71.95,71.185,71.685,-1,-1,-1.0
2017-08-29,70.67,71.905,70.67,71.525,-1,-1,-1.0
2017-08-30,71.535,72.235,71.365,71.995,-1,-1,-1.0
2017-08-31,72.23,72.595,71.835,72.485,-1,-1,-1.0
2017-09-01,72.56,73.12,72.21,72.655,-1,-1,-1.0
2017-09-05,72.26,72.485,71.26,71.965,-1,-1,-1.0
2017-09-06,71.645,72.66,71.135,72.125,-1,-1,-1.0
2017-09-07,72.275,72.985,72.13,72.235,-1,-1,-1.0
2017-09-08,72.54,72.975,71.795,72.84,-1,-1,-1.0
2017-09-11,73.485,75.405,73.27,74.795,-1,-1,-1.0
2017-09-12,75.015,75.735,74.26,75.635,-1,-1,-1.0
2017-09-13,75.64,76.28,75.33,75.42,-1,-1,-1.0
2017-09-14,75.18,75.865,74.77,75.225,-1,-1,-1.0
2017-09-15,73.8,75.065,73.8,75.015,-1,-1,-1.0
2017-09-18,75.12,76.185,75.12,75.96,-1,-1,-1.0
2017-09-19,76.025,76.23,75.065,75.56,-1,-1,-1.0
2017-09-20,75.495,75.67,74.615,75.24,-1,-1,-1.0
2017-09-21,75.31,75.68,74.54,75.415,-1,-1,-1.0
2017-09-22,75.13,75.87,74.945,75.575,-1,-1,-1.0
2017-09-25,75.385,75.665,73.26,73.885,-1,-1,-1.0
2017-09-26,74.495,74.72,73.195,73.815,-1,-1,-1.0
2017-09-27,74.27,75.92,74.21,75.645,-1,-1,-1.0
2017-09-28,75.53,75.67,74.42,74.56,-1,-1,-1.0
2017-09-29,74.74,75.04,74.025,74.915,-1,-1,-1.0
2017-10-02,75.02,75.6,74.455,75.4,-1,-1,-1.0
2017-10-03,75.49,76.455,75.185,75.975,-1,-1,-1.0
2017-10-04,76.145,76.285,75.21,76.14,-1,-1,-1.0
2017-10-05,76.425,77.33,76.065,76.895,-1,-1,-1.0
2017-10-06,76.525,77.475,76.36,77.39,-1,-1,-1.0
2017-10-09,77.6,77.76,77.155,77.635,-1,-1,-1.0
2017-10-10,77.96,78.025,75.99,76.255,-1,-1,-1.0
2017-10-11,76.365,77.065,75.805,77.015,-1,-1,-1.0
2017-10-12,76.985,77.92,76.885,77.215,-1,-1,-1.0
2017-10-13,77.7,78.065,77.565,77.665,-1,-1,-1.0
2017-10-16,78.19,78.44,77.575,78.315,-1,-1,-1.0
2017-10-17,78.525,79.05,78.365,79.015,-1,-1,-1.0
2017-10-18,79.62,79.665,78.575,78.675,-1,-1,-1.0
2017-10-19,78.34,78.86,77.945,78.625,-1,-1,-1.0
2017-10-20,79.01,79.815,78.63,78.735,-1,-1,-1.0
2017-10-23,80.415,80.415,78.855,79.135,-1,-1,-1.0
2017-10-24,79.475,79.475,78.685,78.855,-1,-1,-1.0
2017-10-25,78.995,79.125,77.68,78.285,-1,-1,-1.0
2017-10-26,78.43,79.635,77.695,79.375,-1,-1,-1.0
2017-10-27,79.535,80.645,78.735,79.315,-1,-1,-1.0
2017-10-30,79.17,80.13,79.04,79.525,-1,-1,-1.0
2017-10-31,80.675,81.425,79.65,81.13,-1,-1,-1.0
2017-11-01,80.5,81.595,79.265,80.735,-1,-1,-1.0
2017-11-02,80.58,82.295,79.71,82.175,-1,-1,-1.0
2017-11-03,72.245,75.385,71.68,74.555,-1,-1,-1.0
2017-11-06,74.745,74.745,71.135,71.395,-1,-1,-1.0
2017-11-07,71.515,71.925,69.82,70.245,-1,-1,-1.0
2017-11-08,70.1,71.385,69.76,71.265,-1,-1,-1.0
2017-11-09,71.0,71.705,69.87,71.635,-1,-1,-1.0
2017-11-10,71.09,72.355,71.07,72.14,-1,-1,-1.0
2017-11-13,71.78,71.78,70.53,71.255,-1,-1,-1.0
2017-11-14,70.865,71.76,70.865,71.195,-1,-1,-1.0
2017-11-15,70.885,71.465,70.08,70.405,-1,-1,-1.0
2017-11-16,71.265,71.585,69.705,70.315,-1,-1,-1.0
2017-11-17,70.69,70.95,69.665,70.195,-1,-1,-1.0
2017-11-20,69.86,70.7,69.86,70.115,-1,-1,-1.0
2017-11-21,70.32,70.805,69.54,69.685,-1,-1,-1.0
2017-11-22,69.685,69.695,68.615,69.445,-1,-1,-1.0
2017-11-24,69.53,70.325,69.28,70.085,-1,-1,-1.0
2017-11-27,69.895,70.75,69.82,70.395,-1,-1,-1.0
2017-11-28,70.755,71.455,70.7,70.935,-1,-1,-1.0
2017-11-29,71.07,71.07,68.345,68.955,-1,-1,-1.0
2017-11-30,69.295,70.56,68.825,70.305,-1,-1,-1.0
2017-12-01,70.04,70.64,69.46,70.34,-1,-1,-1.0
2017-12-04,70.695,70.735,68.69,68.815,-1,-1,-1.0
2017-12-05,68.98,70.945,68.385,69.845,-1,-1,-1.0
2017-12-06,69.55,70.92,69.285,70.75,-1,-1,-1.0
2017-12-07,70.33,71.93,70.275,71.615,-1,-1,-1.0
2017-12-08,72.225,72.5,71.485,71.615,-1,-1,-1.0
2017-12-11,71.66,72.09,70.97,71.185,-1,-1,-1.0
2017-12-12,71.14,71.645,70.4,70.655,-1,-1,-1.0
2017-12-13,70.835,71.415,69.915,70.085,-1,-1,-1.0
2017-12-14,70.265,70.56,69.32,69.395,-1,-1,-1.0
2017-12-15,69.515,71.03,69.25,70.625,-1,-1,-1.0
2017-12-18,71.07,71.825,70.81,71.055,-1,-1,-1.0
2017-12-19,71.01,71.33,70.4,70.675,-1,-1,-1.0
2017-12-20,70.87,70.965,69.8,70.055,-1,-1,-1.0
2017-12-21,70.2,70.895,70.2,70.76,-1,-1,-1.0
2017-12-22,70.63,70.68,69.84,70.195,-1,-1,-1.0
2017-12-26,70.17,70.91,69.79,70.705,-1,-1,-1.0
2017-12-27,70.82,71.235,70.2,70.595,-1,-1,-1.0
2017-12-28,70.62,70.845,70.135,70.37,-1,-1,-1.0
2017-12-29,70.395,70.465,69.025,69.195,-1,-1,-1.0
2018-01-02,69.6,70.83,69.485,70.215,-1,-1,-1.0
2018-01-03,70.285,71.68,70.215,71.6,-1,-1,-1.0
2018-01-04,70.435,71.395,69.76,70.295,-1,-1,-1.0
2018-01-05,70.495,70.925,70.145,70.295,-1,-1,-1.0
2018-01-08,70.265,70.93,69.78,70.62,-1,-1,-1.0
2018-01-09,70.82,71.015,70.005,70.795,-1,-1,-1.0
2018-01-10,70.4,72.845,70.14,72.74,-1,-1,-1.0
2018-01-11,73.085,74.55,72.975,73.695,-1,-1,-1.0
2018-01-12,73.92,75.155,73.225,74.5,-1,-1,-1.0
2018-01-16,75.095,75.63,72.455,73.19,-1,-1,-1.0
2018-01-17,73.135,74.265,72.435,74.075,-1,-1,-1.0
2018-01-18,75.065,75.065,72.74,73.03,-1,-1,-1.0
2018-01-19,73.16,73.985,72.98,73.945,-1,-1,-1.0
2018-01-22,73.94,74.66,73.455,74.425,-1,-1,-1.0
2018-01-23,74.17,74.335,72.715,73.565,-1,-1,-1.0
2018-01-24,73.535,73.785,72.785,73.315,-1,-1,-1.0
2018-01-25,73.9,76.02,73.24,74.935,-1,-1,-1.0
2018-01-26,75.97,77.095,75.345,76.835,-1,-1,-1.0
2018-01-29,76.76,77.72,76.6,77.18,-1,-1,-1.0
2018-01-30,75.495,77.245,75.495,76.05,-1,-1,-1.0
2018-01-31,76.89,77.525,75.935,76.845,-1,-1,-1.0
2018-02-01,76.025,78.08,76.025,77.16,-1,-1,-1.0
2018-02-02,86.805,86.82,81.225,84.01,-1,-1,-1.0
2018-02-05,82.875,84.94,80.09,80.115,-1,-1,-1.0
2018-02-06,78.345,79.96,76.295,79.31,-1,-1,-1.0
2018-02-07,79.005,79.98,77.545,77.825,-1,-1,-1.0
2018-02-08,78.42,79.025,76.07,76.13,-1,-1,-1.0
2018-02-09,76.98,77.905,73.76,77.305,-1,-1,-1.0
2018-02-12,77.915,79.75,77.625,78.975,-1,-1,-1.0
2018-02-13,78.595,80.515,78.355,79.815,-1,-1,-1.0
2018-02-14,79.45,81.995,79.13,81.805,-1,-1,-1.0
2018-02-15,82.805,83.79,80.92,83.325,-1,-1,-1.0
2018-02-16,83.215,84.62,81.23,82.135,-1,-1,-1.0
2018-02-20,80.885,83.58,80.885,82.65,-1,-1,-1.0
2018-02-21,82.61,84.12,82.125,82.195,-1,-1,-1.0
2018-02-22,82.515,83.015,81.605,81.945,-1,-1,-1.0
2018-02-23,82.385,83.275,82.06,83.27,-1,-1,-1.0
2018-02-26,83.75,84.28,82.84,83.445,-1,-1,-1.0
2018-02-27,83.655,83.905,81.775,81.775,-1,-1,-1.0
2018-02-28,82.185,83.11,81.36,81.69,-1,-1,-1.0
2018-03-01,81.805,82.66,80.675,81.45,-1,-1,-1.0
2018-03-02,80.445,83.09,80.1,82.995,-1,-1,-1.0
2018-03-05,82.37,86.105,81.88,85.825,-1,-1,-1.0
2018-03-06,86.235,86.665,83.68,84.355,-1,-1,-1.0
2018-03-07,83.63,84.955,83.63,84.385,-1,-1,-1.0
2018-03-08,84.64,86.31,84.49,85.725,-1,-1,-1.0
2018-03-09,86.41,87.59,86.025,86.635,-1,-1,-1.0
2018-03-12,87.095,87.295,86.335,86.4,-1,-1,-1.0
2018-03-13,86.87,86.985,83.94,84.235,-1,-1,-1.0
2018-03-14,84.76,85.37,83.97,84.685,-1,-1,-1.0
2018-03-15,84.93,85.115,83.515,84.535,-1,-1,-1.0
2018-03-16,85.255,85.255,83.04,83.31,-1,-1,-1.0
2018-03-19,83.035,83.065,81.13,82.54,-1,-1,-1.0
2018-03-20,83.115,83.84,82.32,83.605,-1,-1,-1.0
2018-03-21,82.04,85.09,82.04,84.11,-1,-1,-1.0
2018-03-22,83.075,84.35,82.53,82.79,-1,-1,-1.0
2018-03-23,82.45,83.515,81.405,81.415,-1,-1,-1.0
2018-03-26,82.675,84.265,82.16,84.22,-1,-1,-1.0
2018-03-27,84.37,84.905,81.2,81.51,-1,-1,-1.0
2018-03-28,83.005,83.005,79.045,79.215,-1,-1,-1.0
2018-03-29,79.57,81.58,78.38,80.805,-1,-1,-1.0
2018-04-02,80.5,80.75,77.98,78.5,-1,-1,-1.0
2018-04-03,79.205,79.91,78.23,79.485,-1,-1,-1.0
2018-04-04,77.42,80.06,77.42,79.935,-1,-1,-1.0
2018-04-05,80.595,81.545,80.16,80.385,-1,-1,-1.0
2018-04-06,79.585,80.525,78.16,78.385,-1,-1,-1.0
2018-04-09,78.61,79.62,77.775,77.84,-1,-1,-1.0
2018-04-10,79.725,79.725,77.335,78.865,-1,-1,-1.0
2018-04-11,77.935,80.685,77.935,79.645,-1,-1,-1.0
2018-04-12,80.265,81.585,80.175,81.155,-1,-1,-1.0
2018-04-13,81.47,81.48,79.43,79.905,-1,-1,-1.0
2018-04-16,80.405,82.155,79.865,81.205,-1,-1,-1.0
2018-04-17,81.78,85.115,81.665,84.475,-1,-1,-1.0
2018-04-18,84.38,86.02,83.74,85.105,-1,-1,-1.0
2018-04-19,84.74,84.955,83.75,84.375,-1,-1,-1.0
2018-04-20,83.75,84.9,83.545,83.835,-1,-1,-1.0
2018-04-23,83.385,85.475,83.385,84.84,-1,-1,-1.0
2018-04-24,85.13,85.73,81.73,81.985,-1,-1,-1.0
2018-04-25,80.09,81.965,79.135,81.405,-1,-1,-1.0
2018-04-26,80.395,84.685,79.965,83.62,-1,-1,-1.0
2018-04-27,81.54,84.185,81.54,84.095,-1,-1,-1.0
2018-04-30,84.145,85.67,84.145,85.085,-1,-1,-1.0
2018-05-01,84.845,85.625,84.23,84.795,-1,-1,-1.0
2018-05-02,84.865,85.535,83.91,85.205,-1,-1,-1.0
2018-05-03,94.78,97.23,89.355,90.805,-1,-1,-1.0
2018-05-04,90.74,91.855,90.0,91.005,-1,-1,-1.0
2018-05-07,90.9,91.635,90.25,90.995,-1,-1,-1.0
2018-05-08,91.025,93.66,90.585,93.11,-1,-1,-1.0
2018-05-09,93.195,95.46,92.84,95.22,-1,-1,-1.0
2018-05-10,92.875,95.765,92.875,95.0,-1,-1,-1.0
2018-05-11,96.9,96.9,94.265,94.995,-1,-1,-1.0
2018-05-14,95.165,95.165,91.935,92.075,-1,-1,-1.0
2018-05-15,91.745,93.2,91.115,92.48,-1,-1,-1.0
2018-05-16,92.565,93.97,91.955,92.755,-1,-1,-1.0
2018-05-17,92.04,94.81,92.04,93.495,-1,-1,-1.0
2018-05-18,93.245,95.455,93.245,94.445,-1,-1,-1.0
2018-05-21,95.02,95.56,93.615,93.795,-1,-1,-1.0
2018-05-22,96.125,96.125,94.135,94.285,-1,-1,-1.0
2018-05-23,93.4,95.855,93.4,95.81,-1,-1,-1.0
2018-05-24,95.6,98.21,95.6,97.385,-1,-1,-1.0
2018-05-25,97.895,99.63,97.895,98.565,-1,-1,-1.0
2018-05-29,98.315,98.93,97.675,98.005,-1,-1,-1.0
2018-05-30,99.0,99.625,98.31,99.365,-1,-1,-1.0
2018-05-31,99.48,99.81,98.675,98.86,-1,-1,-1.0
2018-06-01,98.955,99.77,98.14,98.555,-1,-1,-1.0
2018-06-04,99.0,99.78,98.405,99.625,-1,-1,-1.0
2018-06-05,99.6,101.395,99.6,100.66,-1,-1,-1.0
2018-06-06,100.635,101.425,100.075,100.64,-1,-1,-1.0
2018-06-07,100.715,100.715,97.025,98.065,-1,-1,-1.0
2018-06-08,97.91,99.155,97.315,98.765,-1,-1,-1.0
2018-06-11,98.565,100.305,98.105,99.85,-1,-1,-1.0
2018-06-12,99.825,101.49,99.685,101.185,-1,-1,-1.0
2018-06-13,101.765,102.635,100.125,101.285,-1,-1,-1.0
2018-06-14,101.79,103.395,101.775,102.035,-1,-1,-1.0
2018-06-15,101.23,103.565,101.23,103.135,-1,-1,-1.0
2018-06-18,102.61,104.78,101.645,104.465,-1,-1,-1.0
2018-06-19,103.22,104.49,101.29,104.285,-1,-1,-1.0
2018-06-20,104.2,105.76,103.895,104.125,-1,-1,-1.0
2018-06-21,104.23,104.695,100.585,100.86,-1,-1,-1.0
2018-06-22,99.88,100.78,96.635,97.185,-1,-1,-1.0
2018-06-25,96.425,96.425,92.055,93.645,-1,-1,-1.0
2018-06-26,93.99,96.95,93.74,96.345,-1,-1,-1.0
2018-06-27,96.99,97.725,93.56,93.645,-1,-1,-1.0
2018-06-28,93.535,97.65,93.53,97.325,-1,-1,-1.0
2018-06-29,98.06,98.63,97.11,97.745,-1,-1,-1.0
2018-07-02,96.9,99.905,96.62,99.815,-1,-1,-1.0
2018-07-03,100.21,101.46,99.765,99.915,-1,-1,-1.0
2018-07-05,100.72,101.215,99.815,101.075,-1,-1,-1.0
2018-07-06,101.425,102.865,101.03,102.695,-1,-1,-1.0
2018-07-09,103.075,104.75,102.11,103.815,-1,-1,-1.0
2018-07-10,103.86,104.91,103.675,103.905,-1,-1,-1.0
2018-07-11,105.405,106.715,104.12,106.265,-1,-1,-1.0
2018-07-12,106.57,109.25,106.06,108.875,-1,-1,-1.0
2018-07-13,108.4,109.32,107.475,108.765,-1,-1,-1.0
2018-07-16,109.04,109.495,108.365,108.565,-1,-1,-1.0
2018-07-17,107.91,110.63,107.305,110.235,-1,-1,-1.0
2018-07-18,110.09,111.605,109.625,111.135,-1,-1,-1.0
2018-07-19,110.615,111.23,110.305,110.475,-1,-1,-1.0
2018-07-20,111.095,111.74,110.33,110.61,-1,-1,-1.0
2018-07-23,110.435,111.945,109.555,111.735,-1,-1,-1.0
2018-07-24,112.38,112.38,107.615,108.305,-1,-1,-1.0
2018-07-25,108.875,111.245,108.655,110.795,-1,-1,-1.0
2018-07-26,109.75,111.505,109.195,111.03,-1,-1,-1.0
2018-07-27,111.595,111.715,105.755,107.63,-1,-1,-1.0
2018-07-30,107.105,107.605,101.685,102.2,-1,-1,-1.0
2018-07-31,102.03,104.57,100.8,103.065,-1,-1,-1.0
2018-08-01,107.53,107.53,105.17,106.145,-1,-1,-1.0
2018-08-02,105.82,110.42,105.82,110.195,-1,-1,-1.0
2018-08-03,108.83,108.83,99.36,102.86,-1,-1,-1.0
2018-08-06,102.895,104.855,102.65,103.955,-1,-1,-1.0
2018-08-07,104.385,104.675,102.8,103.275,-1,-1,-1.0
2018-08-08,104.49,104.495,101.36,101.455,-1,-1,-1.0
2018-08-09,101.73,104.415,100.93,103.675,-1,-1,-1.0
2018-08-10,102.88,104.385,102.47,103.695,-1,-1,-1.0
2018-08-13,103.535,104.08,101.665,101.945,-1,-1,-1.0
2018-08-14,102.5,103.43,101.29,103.195,-1,-1,-1.0
2018-08-15,102.22,104.445,101.41,102.625,-1,-1,-1.0
2018-08-16,103.875,104.045,101.095,101.255,-1,-1,-1.0
2018-08-17,100.765,100.9,98.21,98.545,-1,-1,-1.0
2018-08-20,100.775,100.775,97.18,100.11,-1,-1,-1.0
2018-08-21,100.0,102.61,99.765,102.505,-1,-1,-1.0
2018-08-22,101.525,103.22,101.525,102.575,-1,-1,-1.0
2018-08-23,102.0,104.36,102.0,103.215,-1,-1,-1.0
2018-08-24,103.645,108.69,103.59,107.99,-1,-1,-1.0
2018-08-27,108.56,108.885,105.61,106.465,-1,-1,-1.0
2018-08-28,106.775,108.155,106.47,107.725,-1,-1,-1.0
2018-08-29,107.885,111.595,107.505,111.315,-1,-1,-1.0
2018-08-30,110.35,112.235,110.265,110.995,-1,-1,-1.0
2018-08-31,110.735,112.19,110.625,111.845,-1,-1,-1.0
2018-09-04,111.83,114.435,111.24,114.045,-1,-1,-1.0
2018-09-05,114.715,114.725,108.495,111.675,-1,-1,-1.0
2018-09-06,112.53,113.645,109.945,113.055,-1,-1,-1.0
2018-09-07,112.135,115.465,109.82,113.915,-1,-1,-1.0
2018-09-10,114.885,115.53,111.825,112.505,-1,-1,-1.0
2018-09-11,112.17,115.32,112.11,115.035,-1,-1,-1.0
2018-09-12,114.94,115.69,113.02,115.11,-1,-1,-1.0
2018-09-13,117.1,118.015,115.375,116.175,-1,-1,-1.0
2018-09-14,116.11,117.27,114.93,115.555,-1,-1,-1.0
2018-09-17,115.355,115.975,110.48,110.855,-1,-1,-1.0
2018-09-18,112.535,114.465,111.275,113.725,-1,-1,-1.0
2018-09-19,113.96,113.96,109.625,111.155,-1,-1,-1.0
2018-09-20,110.99,113.54,110.2,111.735,-1,-1,-1.0
2018-09-21,112.375,112.78,109.81,110.195,-1,-1,-1.0
2018-09-24,109.535,111.595,107.995,110.965,-1,-1,-1.0
2018-09-25,111.31,114.015,111.03,113.675,-1,-1,-1.0
2018-09-26,113.87,115.815,112.225,114.255,-1,-1,-1.0
2018-09-27,114.85,115.385,113.245,113.34,-1,-1,-1.0
2018-09-28,112.81,114.025,111.205,111.735,-1,-1,-1.0
2018-10-01,112.875,113.365,111.06,111.335,-1,-1,-1.0
2018-10-02,111.505,111.505,106.46,106.965,-1,-1,-1.0
2018-10-03,109.3,109.3,106.46,107.545,-1,-1,-1.0
2018-10-04,109.205,109.205,103.965,105.985,-1,-1,-1.0
2018-10-05,105.855,107.695,102.775,105.715,-1,-1,-1.0
2018-10-08,104.09,104.885,98.495,100.66,-1,-1,-1.0
2018-10-09,100.72,102.845,99.45,101.345,-1,-1,-1.0
2018-10-10,100.63,100.85,96.175,96.385,-1,-1,-1.0
2018-10-11,95.835,98.715,94.83,97.165,-1,-1,-1.0
2018-10-12,100.095,102.205,99.045,100.85,-1,-1,-1.0
2018-10-15,100.635,102.75,98.5,101.775,-1,-1,-1.0
2018-10-16,102.875,105.605,102.545,104.955,-1,-1,-1.0
2018-10-17,105.94,106.0,103.38,104.46,-1,-1,-1.0
2018-10-18,103.895,105.16,100.995,101.975,-1,-1,-1.0
2018-10-19,102.26,103.535,99.655,99.655,-1,-1,-1.0
2018-10-22,100.185,101.52,98.135,100.755,-1,-1,-1.0
2018-10-23,97.915,101.805,97.63,101.47,-1,-1,-1.0
2018-10-24,101.385,103.0,96.78,96.86,-1,-1,-1.0
2018-10-25,101.335,101.34,96.725,99.685,-1,-1,-1.0
2018-10-26,97.21,98.905,94.86,96.755,-1,-1,-1.0
2018-10-29,99.15,101.07,95.2,96.565,-1,-1,-1.0
2018-10-30,96.05,101.465,96.03,101.34,-1,-1,-1.0
2018-10-31,103.14,107.54,102.66,106.675,-1,-1,-1.0
2018-11-01,106.79,109.165,105.065,108.885,-1,-1,-1.0
2018-11-02,109.705,110.47,106.755,106.825,-1,-1,-1.0
2018-11-05,106.93,107.225,104.32,106.585,-1,-1,-1.0
2018-11-06,106.055,107.605,102.9,105.015,-1,-1,-1.0
2018-11-07,113.235,124.74,112.885,121.155,-1,-1,-1.0
2018-11-08,122.695,125.395,119.045,119.655,-1,-1,-1.0
2018-11-09,118.285,118.48,111.685,114.115,-1,-1,-1.0
2018-11-12,113.015,113.015,107.92,110.96,-1,-1,-1.0
2018-11-13,111.95,114.11,109.405,112.555,-1,-1,-1.0
2018-11-14,112.035,116.205,111.76,112.49,-1,-1,-1.0
2018-11-15,114.7,118.38,112.18,117.71,-1,-1,-1.0
2018-11-16,116.63,119.54,114.43,116.03,-1,-1,-1.0
2018-11-19,114.14,115.295,103.155,104.055,-1,-1,-1.0
2018-11-20,100.36,106.91,99.61,104.875,-1,-1,-1.0
2018-11-21,106.475,109.465,106.28,107.575,-1,-1,-1.0
2018-11-23,106.515,109.235,106.32,108.615,-1,-1,-1.0
2018-11-26,111.045,113.185,108.94,112.485,-1,-1,-1.0
2018-11-27,111.765,113.615,110.57,112.525,-1,-1,-1.0
2018-11-28,115.36,119.105,114.485,118.79,-1,-1,-1.0
2018-11-29,118.105,124.28,117.715,122.295,-1,-1,-1.0
2018-11-30,122.74,125.425,122.045,124.645,-1,-1,-1.0
2018-12-03,127.045,127.69,124.32,127.4,-1,-1,-1.0
2018-12-04,126.8,129.3,123.505,123.685,-1,-1,-1.0
2018-12-06,120.685,128.18,119.63,127.965,-1,-1,-1.0
2018-12-07,126.93,128.53,121.83,123.41,-1,-1,-1.0
2018-12-10,122.225,128.2,122.225,127.145,-1,-1,-1.0
2018-12-11,128.735,130.15,126.235,127.405,-1,-1,-1.0
2018-12-12,128.725,131.79,128.725,128.835,-1,-1,-1.0
2018-12-13,129.6,131.245,128.465,130.805,-1,-1,-1.0
2018-12-14,129.93,131.095,127.655,128.865,-1,-1,-1.0
2018-12-17,127.895,128.235,119.255,120.09,-1,-1,-1.0
2018-12-18,121.845,123.52,120.315,121.545,-1,-1,-1.0
2018-12-19,122.015,126.31,119.765,121.935,-1,-1,-1.0
2018-12-20,121.61,122.81,113.725,119.275,-1,-1,-1.0
2018-12-21,119.735,119.78,111.305,112.155,-1,-1,-1.0
2018-12-24,110.945,113.93,110.13,110.2,-1,-1,-1.0
2018-12-26,114.635,118.89,111.08,118.865,-1,-1,-1.0
2018-12-27,116.34,119.94,115.255,119.915,-1,-1,-1.0
2018-12-28,120.39,120.85,116.775,118.245,-1,-1,-1.0
2018-12-31,119.99,120.685,118.535,119.975,-1,-1,-1.0
2019-01-02,117.785,118.71,114.825,118.64,-1,-1,-1.0
2019-01-03,116.535,118.865,115.035,115.715,-1,-1,-1.0
2019-01-04,117.665,125.29,116.845,124.8,-1,-1,-1.0
